Model,MAE,MSE,RMSE,R2
Linear Regression,4114.338275340276,63034283.84409833,7939.413318633709,0.6038936455272108
Random Forest,2284.459432805345,22916069.599166065,4787.073176708924,0.8559958131638193
Gradient Boosting,2394.013953377118,24788306.84583873,4978.785679845913,0.844230706538322
